housing_price_indexes,population,n_service,p_skilled,avg_income,unemployment rate,n_households,income_score,service_score
1.0,828,240,0.0,2.2122558913035952,0.1388888888888889,652,0.031158458380380557,0.4122448979591837
1.0,828,240,0.006134969325153374,2.2122558913035952,0.1388888888888889,652,0.03130587558563294,0.4122448979591837
1.0,828,240,0.010736196319018405,2.2122558913035952,0.1388888888888889,652,0.03074667679245515,0.4122448979591837
1.0,828,240,0.019938650306748466,2.2122558913035952,0.1388888888888889,652,0.030893060429465644,0.4122448979591837
1.0,830,240,0.02909647779479326,2.2096560085735923,0.13975903614457832,653,0.03134303894906963,0.4122448979591837
1.0,830,240,0.03215926493108729,2.2096560085735923,0.13975903614457832,653,0.03049404810797862,0.4146341463414634
1.0,830,240,0.039816232771822356,2.2096560085735923,0.13975903614457832,653,0.027574753266182174,0.4146341463414634
1.0,831,240,0.045871559633027525,2.2112711947994335,0.13959085439229843,654,0.02176377892519822,0.4122448979591837
1.0,833,240,0.051908396946564885,2.2127698606331148,0.1404561824729892,655,0.015887276936195523,0.4122448979591837
1.0,833,240,0.059541984732824425,2.2127698606331148,0.1404561824729892,655,0.010132116663678074,0.4122448979591837
1.0,833,239,0.06259541984732825,2.2127698606331148,0.1404561824729892,655,0.009534553419588568,0.4098360655737705
1.0,833,240,0.0732824427480916,2.2175769598358164,0.13925570228091236,655,0.011396986732806471,0.4122448979591837
1.0,833,240,0.07633587786259542,2.2175769598358164,0.13925570228091236,655,0.014189278605732825,0.4122448979591837
1.0,833,240,0.08702290076335878,2.2110451469323125,0.14165666266506602,655,0.0058156354188957276,0.4122448979591837
1.0,831,240,0.08868501529051988,2.2079811343409848,0.14199759326113118,654,0.0008466868171819016,0.4122448979591837
1.0,832,240,0.09923664122137404,2.209648681375707,0.14182692307692307,655,0.001948676418219633,0.4122448979591837
1.0,832,238,0.10229007633587786,2.224677699111978,0.13822115384615385,655,0.013256890370739396,0.4074074074074074
0.9889322334424836,831,240,0.10703363914373089,2.2271427938887363,0.1371841155234657,654,0.014196682466785878,0.4122448979591837
1.0764367816146523,831,240,0.10703363914373089,2.2301393359402484,0.13598074608904934,654,0.007734913945731982,0.4122448979591837
1.0764367816146523,830,240,0.10872894333843798,2.2301960775621605,0.13373493975903614,653,0.007766843856564987,0.4139344262295082
1.0764367816146523,832,240,0.11603053435114503,2.2277515929155536,0.1346153846153846,655,0.006677808438344263,0.4122448979591837
1.0764367816146523,834,240,0.125,2.229776702165698,0.1354916067146283,656,0.008339507159896814,0.4122448979591837
1.0764367816146523,835,240,0.1263318112633181,2.2281627687447174,0.1377245508982036,657,0.008704359878004279,0.4122448979591837
1.0764367816146523,835,240,0.1308980213089802,2.2281627687447174,0.1377245508982036,657,0.006267428748036397,0.4122448979591837
1.0764367816146523,836,240,0.1339421613394216,2.2331078856951274,0.13875598086124402,657,0.00642671531384165,0.4122448979591837
1.0764367816146523,836,240,0.1400304414003044,2.235350743926192,0.1375598086124402,657,0.011222250164843605,0.4122448979591837
1.0764367816146523,836,240,0.1461187214611872,2.235350743926192,0.1375598086124402,657,0.014725209173865357,0.4122448979591837
1.0764367816146523,840,240,0.14871016691957512,2.241606114116886,0.1392857142857143,659,0.019769869607172853,0.4122448979591837
1.1258375878175848,840,240,0.15174506828528073,2.2434224264341354,0.1392857142857143,659,0.01898845488343574,0.4122448979591837
1.1258375878175848,838,240,0.1519756838905775,2.2543511940296814,0.1360381861575179,658,0.028937951739744207,0.4122448979591837
1.1258375878175848,838,240,0.1595744680851064,2.2543511940296814,0.1360381861575179,658,0.03109222878235395,0.4122448979591837
1.1258375878175848,837,240,0.1613394216133942,2.2591611319526868,0.13620071684587814,657,0.036178026800717904,0.4122448979591837
1.1258375878175848,837,239,0.1659056316590563,2.2591611319526868,0.13620071684587814,657,0.033474882497393194,0.40816326530612246
1.0709934974645596,840,240,0.17298937784522003,2.2601531987956527,0.1357142857142857,659,0.03523595038733245,0.4122448979591837
1.0709934974645596,841,240,0.17575757575757575,2.2611437246823507,0.13436385255648037,660,0.03625412842202204,0.4122448979591837
1.1696746409131418,843,239,0.1782477341389728,2.2600492767881684,0.132858837485172,662,0.032045325133837316,0.4098360655737705
1.1696746409131418,843,239,0.18731117824773413,2.2543366828429363,0.13523131672597866,662,0.018966725914733747,0.4098360655737705
1.1696746409131418,845,240,0.19457013574660634,2.2579874761574934,0.13609467455621302,663,0.018317708626454998,0.4122448979591837
1.1696746409131418,849,240,0.2,2.2560446189331245,0.13898704358068315,665,0.015749595932505276,0.4122448979591837
1.1696746409131418,848,240,0.2033132530120482,2.2528902810203832,0.1391509433962264,664,0.013208756895031868,0.4139344262295082
1.1696746409131418,849,240,0.21052631578947367,2.2530000719161527,0.13898704358068315,665,0.010954031761975113,0.4186991869918699
1.1696746409131418,849,240,0.21353383458646616,2.2530000719161527,0.13898704358068315,665,0.013447725783505601,0.4122448979591837
1.1696746409131418,848,240,0.21686746987951808,2.248941742938868,0.1391509433962264,664,0.003907769220511607,0.4156378600823045
1.1696746409131418,849,240,0.21954887218045113,2.2578687243891213,0.1354534746760895,665,0.009119199518668566,0.4122448979591837
1.1696746409131418,849,240,0.23007518796992482,2.2578687243891213,0.1354534746760895,665,0.007130760651371219,0.4139344262295082
1.1696746409131418,850,240,0.22972972972972974,2.254478531109258,0.13647058823529412,666,0.00511861843137314,0.4163265306122449
1.1696746409131418,848,240,0.23007518796992482,2.256415453872247,0.13561320754716982,665,0.006824976426207933,0.4139344262295082
1.1696746409131418,849,240,0.23723723723723725,2.25869408156486,0.13663133097762073,666,0.015009931749542514,0.4122448979591837
1.198678317833618,850,240,0.24174174174174173,2.2605997280772154,0.13647058823529412,666,0.01107336723944491,0.4139344262295082
1.198678317833618,848,240,0.2469879518072289,2.2662993177215065,0.13443396226415094,664,0.018877681168657987,0.4122448979591837
1.198678317833618,846,240,0.25037707390648567,2.2553059441764414,0.1347517730496454,663,0.007889603273805047,0.4122448979591837
1.198678317833618,848,240,0.2560240963855422,2.2561453919675105,0.13561320754716982,664,0.007196909024907737,0.4122448979591837
1.198678317833618,848,240,0.25903614457831325,2.2565800779995846,0.13443396226415094,664,0.007522946335523072,0.4139344262295082
1.198678317833618,848,240,0.2605421686746988,2.2565800779995846,0.13443396226415094,664,0.008526725354207067,0.4122448979591837
1.198678317833618,848,240,0.26506024096385544,2.2565800779995846,0.13443396226415094,664,0.008526203160758803,0.4146341463414634
1.198678317833618,850,240,0.2706766917293233,2.2603861931661364,0.13529411764705881,665,0.010548131492718564,0.4139344262295082
1.198678317833618,848,240,0.27259036144578314,2.261165588979207,0.13443396226415094,664,0.0112476885249309,0.4122448979591837
1.198678317833618,847,240,0.2790346907993967,2.26486023538204,0.1334120425029516,663,0.014318751767407713,0.4122448979591837
1.198678317833618,850,240,0.281203007518797,2.265043070314765,0.13529411764705881,665,0.014470727783543235,0.4139344262295082
1.198678317833618,851,240,0.28678678678678676,2.268670809235108,0.13396004700352526,666,0.016784764006550018,0.4122448979591837
1.198678317833618,851,240,0.28678678678678676,2.268670809235108,0.13396004700352526,666,0.01975657075354532,0.4156378600823045
1.198678317833618,852,240,0.29535232383808097,2.2750139817850554,0.13145539906103287,667,0.019550509880877403,0.4122448979591837
1.198678317833618,855,240,0.3004484304932735,2.2808242431122507,0.13216374269005848,669,0.024231965919077007,0.4122448979591837
1.198678317833618,855,240,0.3034379671150972,2.276479449979658,0.13333333333333333,669,0.02206087912228695,0.4122448979591837
1.198678317833618,855,240,0.3064275037369208,2.2809423803729545,0.13216374269005848,669,0.02503701913654974,0.4122448979591837
1.198678317833618,857,240,0.30895522388059704,2.290588070457871,0.13185530921820304,670,0.03309185837618217,0.4122448979591837
1.198678317833618,857,240,0.31343283582089554,2.287986868996936,0.13302217036172695,670,0.030661524943081848,0.4139344262295082
1.198678317833618,857,240,0.31791044776119404,2.2889957384705455,0.13185530921820304,670,0.03149696916619061,0.4122448979591837
1.198678317833618,859,240,0.32488822652757077,2.2929684042912295,0.13271245634458673,671,0.03041969259586486,0.4122448979591837
1.198678317833618,859,240,0.32488822652757077,2.3000561058084616,0.13154831199068684,671,0.034983163700282385,0.4122448979591837
1.2064982548370968,859,240,0.32686567164179103,2.301175001832552,0.13154831199068684,670,0.035913957158599234,0.4122448979591837
1.2064982548370968,859,240,0.32985074626865674,2.3080441696278897,0.13038416763678695,670,0.044407527728857456,0.4122448979591837
1.2064982548370968,861,240,0.33084947839046197,2.3056599253843606,0.13356562137049943,671,0.042032668377365995,0.4156378600823045
1.1231324045614148,864,240,0.3353115727002967,2.3093875574083707,0.13078703703703703,674,0.04179775220853781,0.4122448979591837
1.1231324045614148,862,240,0.3392857142857143,2.3133960310858677,0.12993039443155452,672,0.04645731702042707,0.4122448979591837
1.1231324045614148,863,240,0.34226190476190477,2.3223961442457615,0.13093858632676708,672,0.0514174613242518,0.4163265306122449
1.1231324045614148,862,239,0.34575260804769004,2.323740744941535,0.13109048723897912,671,0.052596769487434754,0.40816326530612246
0.9794488226519672,863,240,0.34672619047619047,2.322238658927498,0.13093858632676708,672,0.05161080863023955,0.4122448979591837
0.9794488226519672,863,240,0.34970238095238093,2.322238658927498,0.13093858632676708,672,0.051967802329549714,0.4122448979591837
1.0418467790800905,865,240,0.35809806835066865,2.3210470287709963,0.13179190751445086,673,0.04974771069465757,0.4122448979591837
0.986112651481207,867,240,0.36592592592592593,2.316365614135387,0.13264129181084197,675,0.044665036288163186,0.4122448979591837
0.986112651481207,864,239,0.3655274888558692,2.323304013202989,0.13078703703703703,673,0.05259716713519509,0.4105691056910569
0.986112651481207,864,240,0.36701337295690933,2.325053697788501,0.12962962962962962,673,0.05730735255888928,0.4122448979591837
0.986112651481207,864,240,0.37147102526002973,2.325053697788501,0.12962962962962962,673,0.05134377893717549,0.4122448979591837
0.8776602084288367,867,240,0.37333333333333335,2.325427427327981,0.12918108419838523,675,0.052161637603157,0.4122448979591837
0.8652503857741711,868,240,0.3757396449704142,2.3236008633429486,0.12903225806451613,676,0.03980447068933017,0.4122448979591837
0.8652503857741711,869,240,0.3766617429837518,2.3241603892260034,0.1277330264672037,677,0.04030524162673385,0.4146341463414634
0.8652503857741711,870,240,0.38495575221238937,2.319067571888108,0.12988505747126436,678,0.03463477417280148,0.4122448979591837
0.8652503857741711,872,239,0.38880706921944036,2.3193538897660995,0.12958715596330275,679,0.036616177586463836,0.4098360655737705
0.8652503857741711,873,240,0.3897058823529412,2.3189669820556347,0.13058419243986255,680,0.029998159911933418,0.4122448979591837
0.8652503857741711,871,239,0.39233038348082594,2.316725100879464,0.13088404133180254,678,0.033630723313261356,0.40816326530612246
0.7877555740108808,872,240,0.3946980854197349,2.3200562371595614,0.12844036697247707,679,0.029625251957550433,0.4122448979591837
0.7877555740108808,872,240,0.39764359351988215,2.3200562371595614,0.12844036697247707,679,0.030467034848927068,0.4139344262295082
0.7877888368271457,874,240,0.4008810572687225,2.318502185156952,0.12814645308924486,681,0.028885093344446527,0.4122448979591837
0.7877888368271457,874,240,0.4023494860499266,2.318502185156952,0.12814645308924486,681,0.031310210351210864,0.4122448979591837
0.8037473744234289,878,240,0.40497076023391815,2.311918656594619,0.12984054669703873,684,0.024223801842882753,0.4122448979591837
0.8131615064075592,876,240,0.40702781844802344,2.3162292628341405,0.1267123287671233,683,0.02808126476091889,0.4156378600823045
0.8131615064075592,875,240,0.41348973607038125,2.3219742764993163,0.12457142857142857,682,0.03249053969487568,0.4122448979591837
0.8195539671967766,877,240,0.4158125915080527,2.320146250625685,0.12542759407069556,683,0.030144670913130445,0.4156378600823045
0.6777684337751446,876,238,0.41642228739002934,2.3167753846960775,0.12557077625570776,682,0.023174346046984033,0.40816326530612246
0.6777684337751446,876,240,0.4178885630498534,2.3184306173355407,0.12442922374429223,682,0.0276501917307978,0.4122448979591837
0.6777684337751446,876,240,0.4208211143695015,2.320243068470656,0.1232876712328767,682,0.029126134828011196,0.4122448979591837
0.6274740931343109,876,240,0.4208211143695015,2.31953891970467,0.1232876712328767,682,0.03622624607106919,0.4122448979591837
0.70857568790694,873,240,0.425,2.3240223169465395,0.12142038946162657,680,0.03958748052623071,0.4122448979591837
0.70857568790694,872,240,0.42857142857142855,2.3309262559090613,0.12155963302752294,679,0.043134316724519194,0.4146341463414634
0.6634065923441557,871,240,0.42920353982300885,2.3425429249733187,0.12055109070034443,678,0.05203799754546802,0.4122448979591837
0.6634065923441557,874,240,0.43004418262150224,2.351783284983712,0.12013729977116705,679,0.049871217459847315,0.4122448979591837
0.6938427599943577,875,240,0.4294117647058823,2.3567615063021536,0.11885714285714286,680,0.05398561260329316,0.4122448979591837
0.6626921350799726,874,240,0.43151693667157587,2.35772042642908,0.11899313501144165,679,0.05490092955400016,0.4146341463414634
0.6626921350799726,874,240,0.43593519882179677,2.35772042642908,0.11899313501144165,679,0.0573407289126561,0.4122448979591837
0.6626921350799726,876,240,0.43759177679882527,2.361512467084547,0.1187214611872146,681,0.07562982946351379,0.4139344262295082
0.5922043146900466,876,240,0.43759177679882527,2.3504985114042216,0.1187214611872146,681,0.05610451246727197,0.4139344262295082
0.67306128926445,875,239,0.43612334801762115,2.343350631370018,0.12,681,0.047711076849001055,0.4122448979591837
0.6859795714378629,876,240,0.43841642228739003,2.3417168428453814,0.11986301369863013,682,0.036352329976515024,0.4122448979591837
0.6792131158425903,879,240,0.44298245614035087,2.3416087551165496,0.1217292377701934,684,0.036214275239219905,0.4122448979591837
0.6792131158425903,879,239,0.4444444444444444,2.343102495441521,0.12059158134243458,684,0.03002044980013539,0.4098360655737705
0.6792131158425903,879,240,0.4473684210526316,2.3479956265839306,0.11945392491467577,684,0.034239301663181766,0.4139344262295082
0.6792131158425903,878,239,0.4480234260614934,2.3496338239031336,0.11958997722095673,683,0.04063534074185173,0.4098360655737705
0.6792131158425903,878,240,0.4494875549048316,2.3496338239031336,0.11958997722095673,683,0.03611796538884398,0.4122448979591837
0.6792131158425903,881,240,0.45255474452554745,2.3621439569881972,0.1191827468785471,685,0.05065350405906348,0.4122448979591837
0.6792131158425903,878,240,0.4538799414348463,2.3595227454385803,0.12072892938496584,683,0.051837234364343676,0.4156378600823045
0.6792131158425903,880,239,0.45614035087719296,2.3631001876565483,0.1215909090909091,684,0.05263508979340907,0.40816326530612246
0.6792131158425903,881,240,0.46131386861313867,2.371228292771193,0.12031782065834279,685,0.059539576294336954,0.4122448979591837
0.6792131158425903,877,240,0.46480938416422285,2.370806319538901,0.12086659064994298,682,0.058409259950143184,0.4139344262295082
0.6792131158425903,877,240,0.46480938416422285,2.3752047499370863,0.12086659064994298,682,0.06007611427501973,0.4139344262295082
0.6958338992915306,877,240,0.465592972181552,2.3794906376137392,0.11858608893956671,683,0.06767219897135195,0.4122448979591837
0.6958338992915306,875,240,0.4669603524229075,2.387923994837721,0.11657142857142858,681,0.07623119351386987,0.4163265306122449
0.6958338992915306,875,240,0.4684287812041116,2.3887278594877555,0.11542857142857142,681,0.07885730753712136,0.4122448979591837
0.6958338992915306,875,240,0.4698972099853157,2.3887278594877555,0.11542857142857142,681,0.0855184950463919,0.4122448979591837
0.6958338992915306,876,240,0.4706744868035191,2.382543804706682,0.11757990867579908,682,0.07120338482423948,0.4122448979591837
0.6958338992915306,876,240,0.47214076246334313,2.382543804706682,0.11757990867579908,682,0.07272689216556873,0.4122448979591837
0.7307544232959435,876,240,0.47214076246334313,2.3828543611898683,0.11757990867579908,682,0.07475664611608031,0.4139344262295082
0.7307544232959435,870,239,0.4756277695716396,2.389188242275489,0.11609195402298851,677,0.07840948669468455,0.4105691056910569
0.7083352113022641,871,240,0.4778761061946903,2.387195767360656,0.11595866819747416,678,0.0768188140289632,0.4139344262295082
0.7083352113022641,869,240,0.47928994082840237,2.381986085246198,0.11622554660529344,676,0.07258816088150993,0.4122448979591837
0.7083352113022641,864,239,0.4814264487369985,2.3715851553120824,0.11689814814814815,673,0.06671830381017636,0.4139344262295082
0.7083352113022641,863,240,0.4836309523809524,2.3715547330905595,0.11703360370799537,672,0.06796338439589757,0.4122448979591837
0.7083352113022641,865,240,0.4836795252225519,2.3695381695054802,0.11791907514450867,674,0.06182391885244263,0.4122448979591837
0.8163479085535496,867,240,0.48668639053254437,2.367774721032685,0.11764705882352941,676,0.06782315793337626,0.4122448979591837
0.8163479085535496,868,240,0.4896449704142012,2.365224385706498,0.11981566820276497,676,0.06250491922721176,0.4122448979591837
0.8163479085535496,867,240,0.49037037037037035,2.365320343086918,0.11995386389850057,675,0.06583675535521652,0.4163265306122449
0.8163479085535496,870,240,0.4918759231905465,2.369725647775543,0.11839080459770115,677,0.0652336005876894,0.4122448979591837
0.8163479085535496,870,240,0.4918759231905465,2.369725647775543,0.11839080459770115,677,0.0652336005876894,0.4122448979591837
0.8163479085535496,871,240,0.49262536873156343,2.3601934238587052,0.12055109070034443,678,0.0581169880560378,0.4122448979591837
0.8163479085535496,867,238,0.4948148148148148,2.3644408614423438,0.11880046136101499,675,0.06089698109586408,0.4057377049180328
0.8163479085535496,867,240,0.4948148148148148,2.364834837292185,0.11764705882352941,675,0.05624117328832111,0.4122448979591837
0.8163479085535496,867,240,0.4962962962962963,2.364834837292185,0.11764705882352941,675,0.05703233242333368,0.4122448979591837
0.8163479085535496,867,240,0.4962962962962963,2.3617814693738652,0.11995386389850057,675,0.05315269996325844,0.4139344262295082
0.8106142053711093,869,240,0.4963072378138848,2.3613173151505293,0.11852704257767549,677,0.05278241026369182,0.4139344262295082
0.8106142053711093,871,240,0.49852507374631266,2.3685086518985394,0.1182548794489093,678,0.05851946443668813,0.4122448979591837
0.8106142053711093,870,239,0.5022156573116692,2.358611394906596,0.11954022988505747,677,0.051720928239990055,0.4098360655737705
0.8106142053711093,871,240,0.5014749262536873,2.3607988903616235,0.11940298507462686,678,0.04179483747360226,0.4122448979591837
0.822454590764357,874,240,0.5044117647058823,2.3634856117383953,0.12013729977116705,680,0.044359761959137475,0.4139344262295082
0.822454590764357,874,240,0.5058823529411764,2.366055830929655,0.11899313501144165,680,0.043104536648029726,0.4156378600823045
0.822454590764357,872,239,0.5051546391752577,2.367668523484913,0.11811926605504587,679,0.04481497918016039,0.40816326530612246
0.822454590764357,872,240,0.5051546391752577,2.367668523484913,0.11811926605504587,679,0.04747688815532106,0.4122448979591837
0.822454590764357,871,240,0.5058997050147492,2.3695853906840654,0.1182548794489093,678,0.04994067505537665,0.4139344262295082
0.822454590764357,871,240,0.5073746312684366,2.3695853906840654,0.1182548794489093,678,0.04842419141794728,0.4139344262295082
0.8211388370330801,872,240,0.508100147275405,2.3678490162607764,0.11811926605504587,679,0.04564682082415167,0.4122448979591837
0.8306558378700954,871,240,0.5103244837758112,2.369168029768817,0.1182548794489093,678,0.049443463559130534,0.4122448979591837
0.8535438567684089,867,239,0.5096296296296297,2.366513321840643,0.11764705882352941,675,0.047420575501008984,0.411522633744856
0.7952572186845753,868,240,0.5103550295857988,2.365192381805094,0.1175115207373272,676,0.04638174988626528,0.4122448979591837
0.7952572186845753,868,240,0.5118343195266272,2.3660525024297723,0.1175115207373272,676,0.04834077387385742,0.4139344262295082
0.7952572186845753,868,240,0.5118343195266272,2.3660525024297723,0.1175115207373272,676,0.04836690649623745,0.4122448979591837
0.7952572186845753,868,240,0.5133136094674556,2.361453022821635,0.11981566820276497,676,0.04471992791289499,0.4122448979591837
0.7952572186845753,866,240,0.5178041543026706,2.3660373166680673,0.11893764434180139,674,0.04236394883041178,0.4122448979591837
0.887679118921113,866,240,0.5214814814814814,2.35809679359681,0.11893764434180139,675,0.03552520903494297,0.4146341463414634
0.8774142467363139,865,240,0.5207715133531158,2.3615954535279626,0.11791907514450867,674,0.041116936440438956,0.4122448979591837
0.8774142467363139,865,240,0.524517087667162,2.3529556630122075,0.12138728323699421,673,0.033023480213839114,0.4146341463414634
0.9067016456699953,867,240,0.5237388724035609,2.359717353283896,0.11880046136101499,674,0.03775832882109053,0.4122448979591837
0.9067016456699953,863,240,0.5216095380029806,2.3554492873717665,0.11935110081112399,671,0.036699827573592844,0.4139344262295082
0.9067016456699953,863,239,0.5230998509687034,2.3554492873717665,0.11935110081112399,671,0.034984756662222075,0.4098360655737705
0.9067016456699953,862,240,0.5268656716417911,2.3634972944020385,0.11948955916473318,670,0.041506129421707706,0.4122448979591837
0.9067016456699953,862,240,0.5268656716417911,2.3634972944020385,0.11948955916473318,670,0.042093720925978996,0.4122448979591837
0.9067016456699953,863,239,0.5275707898658718,2.375024278988261,0.11935110081112399,671,0.049807071455497065,0.40816326530612246
0.9067016456699953,863,240,0.5290611028315947,2.375024278988261,0.11935110081112399,671,0.049807071455497065,0.4146341463414634
0.9067016456699953,865,240,0.5297619047619048,2.3777489265031617,0.12023121387283237,672,0.05450973805714731,0.4122448979591837
0.9067016456699953,866,240,0.5289747399702823,2.3755672681693945,0.12009237875288684,673,0.051294638936864985,0.4122448979591837
0.9067016456699953,867,240,0.5296735905044511,2.3780504319089855,0.11995386389850057,674,0.05107172784923746,0.4122448979591837
0.9067016456699953,868,240,0.5318518518518518,2.3813064331221816,0.11981566820276497,675,0.056252106410911565,0.4122448979591837
0.9067016456699953,871,240,0.5340236686390533,2.3770131743797274,0.12399540757749714,676,0.05291140576135484,0.4204081632653061
0.9067016456699953,871,240,0.5355029585798816,2.3945490056234404,0.11710677382319173,676,0.06408512496897667,0.4122448979591837
0.9067016456699953,871,240,0.5355029585798816,2.3945490056234404,0.11710677382319173,676,0.06408512496897667,0.4122448979591837
0.9067016456699953,871,240,0.5384615384615384,2.3945490056234404,0.11710677382319173,676,0.06687228521882303,0.4122448979591837
0.9067016456699953,873,240,0.5406203840472673,2.4035376497258674,0.11683848797250859,677,0.07859230531349029,0.4139344262295082
0.9067016456699953,876,240,0.540500736377025,2.405739408904738,0.11757990867579908,679,0.07481066405821331,0.4122448979591837
0.9067016456699953,875,239,0.5398230088495575,2.3988246896524186,0.12,678,0.06865511098053233,0.40816326530612246
1.0093523983605837,875,240,0.5412979351032449,2.402948462788681,0.12,678,0.06665548272682122,0.4122448979591837
1.0093523983605837,876,239,0.5442477876106194,2.402948462788681,0.12100456621004566,678,0.06831605603347414,0.40816326530612246
1.0093523983605837,874,239,0.5473372781065089,2.403296375510439,0.12242562929061784,676,0.06809171994012422,0.40816326530612246
1.0093523983605837,876,240,0.5480059084194978,2.403901242139452,0.12214611872146118,677,0.06224831323245988,0.4122448979591837
1.0093523983605837,876,240,0.5494830132939439,2.4115740224192885,0.11986301369863013,677,0.06834822119516264,0.4122448979591837
1.02943365936344,875,240,0.5494830132939439,2.4043533547057687,0.12114285714285715,677,0.05289075289013641,0.4139344262295082
1.02943365936344,873,240,0.5488165680473372,2.4050180954197917,0.11798396334478808,676,0.05102128007355658,0.4122448979591837
1.02943365936344,875,240,0.552437223042836,2.4073660722327714,0.11885714285714286,677,0.052448922702810916,0.4122448979591837
1.02943365936344,875,240,0.552437223042836,2.4073660722327714,0.11885714285714286,677,0.058079132540104904,0.4146341463414634
1.02943365936344,875,240,0.552437223042836,2.4013444855089157,0.12,677,0.05415184146343317,0.4122448979591837
1.02943365936344,876,240,0.5553914327917282,2.4056783213594173,0.12100456621004566,677,0.05190885942007794,0.4122448979591837
1.02943365936344,876,240,0.5568685376661743,2.4056783213594173,0.12100456621004566,677,0.051388319082502625,0.4122448979591837
1.02943365936344,878,240,0.5589970501474927,2.4093747299934134,0.12186788154897495,678,0.05418498326808754,0.4146341463414634
1.0433149579141696,878,239,0.56047197640118,2.4166218810307742,0.12072892938496584,678,0.07058538001747944,0.40816326530612246
1.022197372036803,877,240,0.5642540620384048,2.420191484990938,0.11972633979475485,677,0.06816945786990065,0.4122448979591837
1.022197372036803,877,239,0.5642540620384048,2.4176160210116104,0.12086659064994298,677,0.06862763316175549,0.40816326530612246
1.024569520277607,880,239,0.5670103092783505,2.417546221353937,0.12272727272727273,679,0.0740224226401504,0.40816326530612246
1.024569520277607,878,240,0.5672082717872969,2.4281878057392454,0.12186788154897495,677,0.08373077794065929,0.4122448979591837
0.8977207924328587,880,240,0.5678466076696165,2.424606407795677,0.12386363636363637,678,0.07758937426464865,0.4122448979591837
0.8977207924328587,880,240,0.5678466076696165,2.431871793318098,0.1215909090909091,678,0.08363062512227715,0.4122448979591837
0.8996448277369723,884,240,0.5697503671071953,2.4245294699537445,0.1244343891402715,681,0.07941356663226738,0.4122448979591837
0.9602909671160993,888,240,0.5724743777452416,2.434678027594596,0.12387387387387387,683,0.08843099400427866,0.4122448979591837
0.9602909671160993,889,240,0.5724743777452416,2.434678027594596,0.12485939257592801,683,0.09250251111216654,0.4122448979591837
0.9602909671160993,885,238,0.5712187958883994,2.4273490720092687,0.12542372881355932,681,0.0917297473746851,0.4057377049180328
0.9602909671160993,886,240,0.5718475073313783,2.4368596419118607,0.12076749435665914,682,0.0950701504892039,0.4122448979591837
1.015938750224325,887,240,0.5724743777452416,2.435864235991461,0.12063134160090191,683,0.09522340057534269,0.4139344262295082
1.015938750224325,885,240,0.5733137829912024,2.431967301099024,0.12090395480225989,682,0.08847522920005539,0.4139344262295082
1.0092130933645123,885,240,0.5747800586510264,2.431967301099024,0.12090395480225989,682,0.09090418068885975,0.4122448979591837
1.0092130933645123,885,240,0.5791788856304986,2.435045834559557,0.12203389830508475,682,0.09265339104025505,0.4139344262295082
1.064091564674208,888,239,0.5789473684210527,2.425859000763788,0.125,684,0.0823862440503651,0.40816326530612246
1.064091564674208,887,240,0.5783308931185944,2.432473696762974,0.12288613303269448,683,0.08509052521469572,0.4122448979591837
1.064091564674208,887,240,0.5812591508052709,2.437112065978549,0.12175873731679819,683,0.0878784838623369,0.4139344262295082
1.064091564674208,889,240,0.581021897810219,2.4349819300201117,0.12260967379077616,685,0.07837255180139562,0.4122448979591837
1.064091564674208,887,239,0.5804093567251462,2.434177650208959,0.12288613303269448,684,0.07832610530482799,0.40816326530612246
1.064091564674208,887,240,0.5818713450292398,2.4379358482387232,0.12063134160090191,684,0.07750858309982223,0.4122448979591837
1.064091564674208,889,240,0.5824817518248175,2.4344210490835203,0.12148481439820022,685,0.07254487104147851,0.4122448979591837
1.0899950696763954,891,240,0.5822416302765647,2.4337624776151,0.12121212121212122,687,0.07311468295179305,0.4122448979591837
1.0899950696763954,891,240,0.5822416302765647,2.4337624776151,0.12121212121212122,687,0.0757437210117316,0.4122448979591837
1.0899950696763954,893,240,0.5813953488372093,2.43022503215345,0.12318029115341546,688,0.07358124577547301,0.4122448979591837
1.0899950696763954,895,240,0.5820029027576198,2.4325686276603458,0.12402234636871508,689,0.07516063786312843,0.4122448979591837
1.0899950696763954,894,240,0.5828488372093024,2.4335505625867717,0.12416107382550336,688,0.07592503850861015,0.4122448979591837
1.0899950696763954,894,240,0.5828488372093024,2.4335505625867717,0.12416107382550336,688,0.07374653779342345,0.4122448979591837
1.0622016295575178,894,240,0.5828488372093024,2.4335505625867717,0.12416107382550336,688,0.07089132092623085,0.4122448979591837
1.0622016295575178,895,240,0.5834542815674891,2.4381610249009382,0.12402234636871508,689,0.0740944621263827,0.4122448979591837
1.0774658764876373,896,240,0.5855072463768116,2.4401129902973415,0.12276785714285714,690,0.07572500047288883,0.4139344262295082
1.0774658764876373,895,239,0.5849056603773585,2.440767242091388,0.12290502793296089,689,0.07966304805064435,0.40816326530612246
1.0774658764876373,898,240,0.5846599131693199,2.440938584489327,0.12360801781737193,691,0.07957269423778049,0.4122448979591837
1.0774658764876373,902,239,0.5844155844155844,2.4392920315074615,0.12638580931263857,693,0.0770616628672607,0.40816326530612246
1.0774658764876373,902,240,0.5858585858585859,2.4468207218397198,0.12416851441241686,693,0.08342639722462478,0.4122448979591837
1.0336983294887818,904,240,0.5850144092219021,2.445921676064819,0.12389380530973451,694,0.07973813154849019,0.4122448979591837
1.0336983294887818,904,239,0.5864553314121037,2.445921676064819,0.12389380530973451,694,0.0806857175654411,0.40816326530612246
1.0336983294887818,904,238,0.5864553314121037,2.4406289375174914,0.1261061946902655,694,0.0762295892310127,0.40408163265306124
1.0336983294887818,904,240,0.5878962536023055,2.4406289375174914,0.1261061946902655,694,0.07584637016677916,0.4122448979591837
1.0336983294887818,904,239,0.5878962536023055,2.4400652842238593,0.12721238938053098,694,0.07381647505326107,0.4122448979591837
1.0336983294887818,904,240,0.5893371757925072,2.45073804200398,0.125,694,0.07759344105270802,0.4122448979591837
1.1457450941490164,906,239,0.5890804597701149,2.4521906449429944,0.12472406181015452,696,0.08139915138213838,0.40816326530612246
1.1139150793588937,907,239,0.5882352941176471,2.450864402720752,0.12458654906284454,697,0.0728483458829493,0.40816326530612246
1.1139150793588937,905,240,0.5876436781609196,2.445634474588594,0.12375690607734807,696,0.06979769635990081,0.4122448979591837
1.1139150793588937,905,238,0.5876436781609196,2.445634474588594,0.12375690607734807,696,0.07433597744743271,0.4057377049180328
1.1139150793588937,904,240,0.5884892086330935,2.446842539985878,0.12389380530973451,695,0.06090270898523295,0.4122448979591837
1.1139150793588937,904,240,0.5884892086330935,2.446842539985878,0.12389380530973451,695,0.0636481087269237,0.4122448979591837
1.1139150793588937,903,240,0.5893371757925072,2.4488660565618967,0.12403100775193798,694,0.06768531053213586,0.4122448979591837
1.1139150793588937,905,240,0.5899280575539568,2.4542329110488517,0.12375690607734807,695,0.07187416756586186,0.4122448979591837
1.1139150793588937,905,239,0.5899280575539568,2.4542329110488517,0.12375690607734807,695,0.07391613746700051,0.40816326530612246
1.1139150793588937,904,240,0.5893371757925072,2.4536931446636205,0.12389380530973451,694,0.06716779176192073,0.4122448979591837
1.1777783006421942,905,240,0.5884892086330935,2.452825571002061,0.12375690607734807,695,0.0674403774603878,0.4122448979591837
1.1777783006421942,903,240,0.5893371757925072,2.446256710842217,0.12292358803986711,694,0.05957727708501283,0.4122448979591837
1.1777783006421942,901,240,0.5901875901875901,2.4478493977210585,0.12319644839067703,693,0.0600285259951484,0.4122448979591837
1.1777783006421942,901,240,0.5901875901875901,2.4478493977210585,0.12319644839067703,693,0.06414950721468264,0.4122448979591837
1.1777783006421942,899,240,0.5918958031837916,2.4519064567898043,0.12347052280311457,691,0.06306952854818883,0.41735537190082644
1.1777783006421942,899,240,0.5918958031837916,2.4519064567898043,0.12347052280311457,691,0.06378681549096037,0.4122448979591837
1.1777783006421942,899,240,0.5918958031837916,2.4519064567898043,0.12347052280311457,691,0.061653476473016736,0.4122448979591837
1.1777783006421942,899,240,0.5933429811866859,2.4519064567898043,0.12347052280311457,691,0.06250273407932382,0.4122448979591837
1.1777783006421942,899,240,0.5933429811866859,2.4519064567898043,0.12347052280311457,691,0.06501476645080399,0.41735537190082644
1.1777783006421942,899,240,0.5962373371924746,2.4519064567898043,0.12347052280311457,691,0.06241382800527943,0.4122448979591837
1.2891852529561345,901,240,0.5974025974025974,2.448974185610406,0.12430632630410655,693,0.06862454407740551,0.4122448979591837
1.2891852529561345,900,240,0.596820809248555,2.4483632393666976,0.12444444444444444,692,0.06278130173664141,0.4122448979591837
1.2891852529561345,900,237,0.596820809248555,2.4483632393666976,0.12444444444444444,692,0.05973005997986006,0.40329218106995884
1.2891852529561345,902,240,0.5974025974025974,2.4487533921964206,0.12416851441241686,693,0.054237967624623795,0.4139344262295082
1.2891852529561345,903,240,0.5979827089337176,2.4452249290952732,0.12513842746400886,694,0.051105498237367694,0.4122448979591837
1.2891852529561345,904,240,0.5985611510791367,2.453046567330823,0.12389380530973451,695,0.05719904659956332,0.4122448979591837
1.2891852529561345,905,240,0.6005747126436781,2.455914810491522,0.12375690607734807,696,0.054598449238230644,0.4122448979591837
1.2891852529561345,906,240,0.6011477761836442,2.4523912598308453,0.12472406181015452,697,0.054582374984973016,0.4122448979591837
1.2891852529561345,906,239,0.6011477761836442,2.452347790064813,0.12582781456953643,697,0.05632599709149004,0.40816326530612246
1.2891852529561345,906,240,0.6011477761836442,2.4595803800625284,0.12251655629139073,697,0.05745435766463171,0.4122448979591837
1.1893323986866196,907,240,0.6017191977077364,2.4565863606992244,0.12348401323042998,698,0.05510060915796429,0.4139344262295082
1.2113346788964547,909,240,0.6008583690987125,2.4573400663454508,0.12211221122112212,699,0.05647128791610349,0.4122448979591837
1.226815643829318,911,240,0.6,2.4561450043210904,0.12294182217343579,700,0.05516504044366112,0.4122448979591837
1.2134016330707291,913,240,0.5997150997150997,2.451573972076861,0.12376779846659365,702,0.05070584998508583,0.4122448979591837
1.2134016330707291,909,240,0.597997138769671,2.4516334474060892,0.12321232123212321,699,0.053529019640160644,0.4139344262295082
1.2134016330707291,909,240,0.597997138769671,2.4516334474060892,0.12321232123212321,699,0.05439129457244337,0.4122448979591837
1.2134016330707291,912,240,0.5991440798858774,2.4504710177810534,0.125,701,0.05347980389813648,0.4122448979591837
1.2134016330707291,912,240,0.5991440798858774,2.4504710177810534,0.125,701,0.05360892920929707,0.4122448979591837
1.2134016330707291,912,240,0.6014285714285714,2.4513614020339562,0.12609649122807018,700,0.05322933011249019,0.4122448979591837
1.2134016330707291,912,240,0.6028571428571429,2.4615605153106372,0.12390350877192982,700,0.056042678730501914,0.4122448979591837
1.22076421752296,913,240,0.6034236804564908,2.4647705503936863,0.12376779846659365,701,0.05584314624460375,0.4122448979591837
1.22076421752296,913,240,0.6034236804564908,2.4647705503936863,0.12376779846659365,701,0.05556118033787512,0.4122448979591837
1.22076421752296,912,240,0.6028571428571429,2.4644475935880577,0.12390350877192982,700,0.058368176912958654,0.4122448979591837
1.22076421752296,914,240,0.6034236804564908,2.4662382413200894,0.12472647702407003,701,0.06021801801397681,0.4122448979591837
1.22076421752296,911,240,0.6051502145922747,2.46653521877095,0.1251372118551043,699,0.05949140704369962,0.4122448979591837
1.22076421752296,911,240,0.6051502145922747,2.46653521877095,0.1251372118551043,699,0.05651145532642293,0.4122448979591837
1.1641284979777935,911,240,0.6065808297567954,2.4651154321556112,0.12623490669593854,699,0.06096728548046688,0.4122448979591837
1.1641284979777935,910,240,0.6074498567335244,2.4780268957874605,0.12197802197802197,698,0.0663617846619327,0.4122448979591837
1.1641284979777935,912,240,0.6080114449213162,2.479498734050998,0.12171052631578948,699,0.0689974387727232,0.4122448979591837
1.1641284979777935,915,240,0.6062767475035663,2.4724245579196116,0.12459016393442623,701,0.06334988584309335,0.4122448979591837
1.1641284979777935,917,240,0.6082621082621082,2.474597239701933,0.12431842966194111,702,0.06514984779055362,0.4122448979591837
1.1641284979777935,917,240,0.6082621082621082,2.4801933047142706,0.12322791712104689,702,0.07000949969233285,0.4122448979591837
1.1641284979777935,918,239,0.6088193456614509,2.476665291478546,0.12418300653594772,703,0.06977674168648088,0.4098360655737705
1.1641284979777935,919,240,0.6088193456614509,2.479998833173134,0.12404787812840043,703,0.07093384345089192,0.4122448979591837
1.2165665983927272,922,239,0.6085106382978723,2.4865891440315524,0.12364425162689804,705,0.07621104669743033,0.411522633744856
1.2165665983927272,920,239,0.6102418207681366,2.493206052832562,0.12282608695652174,703,0.08024604547788806,0.4098360655737705
1.2165665983927272,919,240,0.6111111111111112,2.4970615821001947,0.12078346028291621,702,0.07741838119437384,0.4122448979591837
1.2165665983927272,919,240,0.6111111111111112,2.499618870733832,0.12078346028291621,702,0.0764565835000403,0.4122448979591837
1.2165665983927272,918,240,0.6119828815977175,2.4991058381505753,0.12091503267973856,701,0.07161417297462763,0.4122448979591837
1.2165665983927272,919,240,0.6125356125356125,2.5058218765172597,0.11969532100108814,702,0.07704497025170637,0.4122448979591837
1.2165665983927272,921,240,0.6107954545454546,2.4987030643680628,0.12160694896851248,704,0.06462809594513823,0.4122448979591837
1.2165665983927272,921,240,0.6107954545454546,2.5010071331555666,0.12052117263843648,704,0.06650459932419019,0.4122448979591837
1.2165665983927272,921,240,0.6122159090909091,2.5010071331555666,0.12052117263843648,704,0.06615439711641846,0.4122448979591837
1.2165665983927272,921,240,0.6122159090909091,2.5010071331555666,0.12052117263843648,704,0.06393883763871314,0.4122448979591837
1.2165665983927272,921,239,0.6122159090909091,2.5010071331555666,0.12052117263843648,704,0.06393883763871314,0.4098360655737705
1.2165665983927272,923,240,0.6127659574468085,2.5026086120883617,0.12134344528710726,705,0.06551910236948554,0.4122448979591837
1.2165665983927272,922,240,0.6136363636363636,2.505171968117391,0.12147505422993492,704,0.07417727601629424,0.4122448979591837
1.2165665983927272,925,240,0.613314447592068,2.504913834038541,0.12216216216216216,706,0.07396831943731666,0.4122448979591837
1.2165665983927272,927,240,0.6152758132956153,2.5057927142687833,0.12297734627831715,707,0.06959644586794618,0.4122448979591837
1.2165665983927272,928,240,0.615819209039548,2.51187462787611,0.12176724137931035,708,0.07508673754732512,0.4122448979591837
1.2165665983927272,927,239,0.6152758132956153,2.5102389119721846,0.12189859762675297,707,0.07240527555631394,0.4105691056910569
1.2165665983927272,927,240,0.6152758132956153,2.5111341658435573,0.12081984897518878,707,0.06610188262008349,0.4122448979591837
1.2165665983927272,927,240,0.6152758132956153,2.5111341658435573,0.12081984897518878,707,0.06610188262008349,0.4122448979591837
1.2165665983927272,929,240,0.615819209039548,2.515684955509043,0.1216361679224973,708,0.07323138838432547,0.4122448979591837
1.2165665983927272,929,240,0.615819209039548,2.515684955509043,0.1216361679224973,708,0.07294241491924795,0.4122448979591837
1.2165665983927272,930,240,0.616361071932299,2.5121367397748973,0.12258064516129032,709,0.07322267373807982,0.4122448979591837
1.323550684488333,932,240,0.6183098591549295,2.512753532286973,0.1223175965665236,710,0.07639739438778809,0.4139344262295082
1.323550684488333,931,240,0.6177715091678421,2.511197182279019,0.12459720730397422,709,0.07416257145730754,0.4122448979591837
1.323550684488333,931,240,0.6177715091678421,2.511197182279019,0.12459720730397422,709,0.07489839430260876,0.4146341463414634
1.323550684488333,931,240,0.6177715091678421,2.5170982038687635,0.12244897959183673,709,0.08242526811993013,0.4122448979591837
1.323550684488333,933,240,0.6197183098591549,2.5204748960321335,0.1232583065380493,710,0.08734689790333591,0.4122448979591837
1.341859997772607,934,240,0.6216596343178622,2.524387258909358,0.12205567451820129,711,0.09111965926580208,0.4122448979591837
1.341859997772607,933,240,0.6225352112676056,2.5147193088895192,0.1232583065380493,710,0.07798059813248082,0.4122448979591837
1.341859997772607,935,240,0.6235955056179775,2.516551853395853,0.12299465240641712,712,0.07938860394593053,0.4122448979591837
1.341859997772607,938,240,0.623249299719888,2.5188751448700417,0.12366737739872068,714,0.07739991718393309,0.4122448979591837
1.341859997772607,940,240,0.6237762237762238,2.520145521064323,0.12446808510638298,715,0.07992362072683919,0.4122448979591837
1.341859997772607,940,240,0.6237762237762238,2.520145521064323,0.12446808510638298,715,0.08617634644060855,0.4163265306122449
1.341859997772607,941,240,0.6229050279329609,2.5166257647499872,0.12539851222104145,716,0.08377887539931135,0.4122448979591837
1.4757507361449511,936,239,0.6213183730715287,2.5087489423808376,0.12713675213675213,713,0.07451648107674215,0.4098360655737705
1.4757507361449511,934,240,0.6207865168539326,2.519020470782518,0.12419700214132762,712,0.07483189752765462,0.4122448979591837
1.3884401974496048,935,240,0.6213183730715287,2.519256220410939,0.12406417112299466,713,0.07355084206750223,0.4122448979591837
1.3884401974496048,937,240,0.6218487394957983,2.515727850354341,0.12593383137673425,714,0.06924678745350199,0.4122448979591837
1.3587801384644747,938,240,0.620979020979021,2.514705126634622,0.1257995735607676,715,0.06795371336977167,0.4122448979591837
1.3587801384644747,940,240,0.6215083798882681,2.5214552296491544,0.125531914893617,716,0.07048554313037647,0.4122448979591837
1.3587801384644747,942,239,0.6243016759776536,2.514517117651416,0.1305732484076433,716,0.06605221400686145,0.4132231404958678
1.3587801384644747,942,240,0.6256983240223464,2.5305566558664867,0.12526539278131635,716,0.07958696488161213,0.4122448979591837
1.3587801384644747,940,240,0.6237762237762238,2.525324876865234,0.12659574468085105,715,0.07221685910652516,0.4122448979591837
1.3587801384644747,940,240,0.6237762237762238,2.525324876865234,0.12659574468085105,715,0.07258702529450185,0.4122448979591837
1.3587801384644747,940,240,0.6256983240223464,2.5293508068703687,0.12659574468085105,716,0.08021376199622003,0.4122448979591837
1.4426081240022903,940,240,0.6256983240223464,2.5302078881885017,0.12659574468085105,716,0.07800542835871475,0.4139344262295082
1.4426081240022903,938,240,0.6260504201680672,2.5315585892952197,0.1257995735607676,714,0.08520657170507075,0.4146341463414634
1.4426081240022903,938,240,0.6260504201680672,2.5340017011928015,0.12473347547974413,714,0.08141450876304238,0.4139344262295082
1.4426081240022903,939,240,0.6260504201680672,2.5389586876393095,0.12460063897763578,714,0.08096451031063343,0.4122448979591837
1.4426081240022903,937,240,0.6269284712482468,2.540940258233421,0.12379935965848453,713,0.08166803624306086,0.4122448979591837
1.4426081240022903,937,240,0.6269284712482468,2.540940258233421,0.12379935965848453,713,0.08606205805481368,0.4122448979591837
1.4426081240022903,936,240,0.6264044943820225,2.541927101633991,0.12393162393162394,712,0.08760810480283472,0.4122448979591837
1.398809898976935,936,240,0.6264044943820225,2.541927101633991,0.12393162393162394,712,0.0873540280047939,0.4122448979591837
1.398809898976935,932,240,0.6262341325811002,2.537527059759558,0.12446351931330472,709,0.08386844399460261,0.4122448979591837
1.57764946080317,933,240,0.6262341325811002,2.539426538775817,0.12433011789924973,709,0.08972302490735931,0.4122448979591837
1.57764946080317,928,240,0.6246458923512748,2.537616641110818,0.125,706,0.08687489650523746,0.4122448979591837
1.57764946080317,929,240,0.6251768033946252,2.5400152950709516,0.12486544671689989,707,0.08987267874133696,0.4146341463414634
1.57764946080317,929,240,0.6251768033946252,2.5400152950709516,0.12486544671689989,707,0.08552290153296713,0.4122448979591837
1.57764946080317,928,240,0.6237623762376238,2.5297660434353437,0.12607758620689655,707,0.0773055779386677,0.4122448979591837
1.57764946080317,928,240,0.6223479490806223,2.526676905845559,0.1271551724137931,707,0.07482886606690686,0.4122448979591837
1.57764946080317,929,240,0.6214689265536724,2.523108153153687,0.12809472551130247,708,0.07157934057595759,0.4122448979591837
1.57764946080317,927,240,0.620933521923621,2.523283981426885,0.12837108953613807,707,0.07641948484017148,0.4122448979591837
1.57764946080317,929,240,0.6205923836389281,2.524463168314513,0.12701829924650163,709,0.07375036784079132,0.4122448979591837
1.57764946080317,929,240,0.6205923836389281,2.524463168314513,0.12701829924650163,709,0.07391564098364053,0.4122448979591837
1.57764946080317,927,240,0.620933521923621,2.5243850703995525,0.1272923408845739,707,0.06974120925930792,0.4156378600823045
1.3469225735962005,930,240,0.6220028208744711,2.5256451528826243,0.12688172043010754,709,0.06902663376337398,0.4122448979591837
1.3469225735962005,932,240,0.6216596343178622,2.5250061291109693,0.1276824034334764,711,0.06908638977966695,0.4122448979591837
1.3211375509578838,932,240,0.6216596343178622,2.522239717772159,0.1276824034334764,711,0.06636856978380636,0.4122448979591837
1.3211375509578838,933,240,0.6230661040787623,2.5280004583007214,0.12754555198285103,711,0.06032741571458001,0.4139344262295082
1.3211375509578838,933,240,0.6230661040787623,2.531437576275687,0.12540192926045016,711,0.06232973202942707,0.4122448979591837
1.3211375509578838,933,240,0.6230661040787623,2.531437576275687,0.12540192926045016,711,0.06106196458580511,0.4122448979591837
1.3211375509578838,933,240,0.6230661040787623,2.531437576275687,0.12540192926045016,711,0.06231233814861496,0.4122448979591837
1.4971504705409473,934,240,0.6230661040787623,2.533629388461172,0.12633832976445397,711,0.06799637409107438,0.4122448979591837
1.4971504705409473,934,240,0.6230661040787623,2.533629388461172,0.12633832976445397,711,0.06759414921361677,0.4146341463414634
1.4971504705409473,934,240,0.6230661040787623,2.533629388461172,0.12633832976445397,711,0.06881503030135103,0.4139344262295082
1.4971504705409473,933,240,0.6225352112676056,2.531308877423398,0.1264737406216506,710,0.06693834817574619,0.4139344262295082
1.4971504705409473,932,238,0.6220028208744711,2.5273202659620315,0.12875536480686695,709,0.06372105122390516,0.40408163265306124
1.4971504705409473,932,240,0.6220028208744711,2.531547856989203,0.1276824034334764,709,0.06690216221911433,0.4122448979591837
1.4971504705409473,932,240,0.6220028208744711,2.531547856989203,0.1276824034334764,709,0.06966625177408645,0.4122448979591837
1.4971504705409473,932,240,0.6220028208744711,2.531547856989203,0.1276824034334764,709,0.06964002162662711,0.4122448979591837
1.5778149862691297,932,240,0.6234132581100141,2.535191048239777,0.1276824034334764,709,0.07212199763028773,0.4139344262295082
1.5778149862691297,932,240,0.6234132581100141,2.5309634572126054,0.12875536480686695,709,0.07225987459761664,0.4122448979591837
1.5757215449478015,931,239,0.6242937853107344,2.532069692250961,0.1288936627282492,708,0.06784735131201346,0.4098360655737705
1.607959606639009,931,240,0.6257062146892656,2.534965190262448,0.12781954887218044,708,0.06743216637398645,0.4122448979591837
1.607959606639009,930,240,0.6237623762376238,2.530044853164719,0.12903225806451613,707,0.06968722525233585,0.4122448979591837
1.607959606639009,931,240,0.6242937853107344,2.5332351047860486,0.1288936627282492,708,0.07432600417266516,0.4122448979591837
1.3745445469485231,933,240,0.6248236953455572,2.530959880153661,0.12968917470525188,709,0.06986453649707494,0.4122448979591837
1.3745445469485231,934,240,0.6253521126760564,2.5343914229500526,0.12955032119914348,710,0.07256959562676524,0.4122448979591837
1.6883216186458163,934,240,0.6262341325811002,2.5365033675796163,0.13062098501070663,709,0.07626818629803435,0.4156378600823045
1.6883216186458163,931,240,0.6265912305516266,2.540116358111425,0.1288936627282492,707,0.08076579372824472,0.4122448979591837
1.6883216186458163,930,240,0.6260623229461756,2.53670160628319,0.12903225806451613,706,0.07787963555288215,0.4122448979591837
1.6883216186458163,931,240,0.6265912305516266,2.538392854431333,0.1288936627282492,707,0.07914358142757028,0.4122448979591837
1.6883216186458163,931,240,0.6265912305516266,2.538392854431333,0.1288936627282492,707,0.08229525170229411,0.4122448979591837
1.4207581893941241,934,240,0.6262341325811002,2.536081344129109,0.13062098501070663,709,0.08522937426840797,0.4122448979591837
1.4207581893941241,933,239,0.6271186440677966,2.5384692161981453,0.1307609860664523,708,0.08459684112692745,0.40816326530612246
1.4207581893941241,935,240,0.6276445698166432,2.539249996100145,0.1304812834224599,709,0.0876809487628209,0.4122448979591837
1.4207581893941241,935,239,0.6276445698166432,2.5415435111105,0.1304812834224599,709,0.0812326077846319,0.40816326530612246
1.4207581893941241,936,240,0.6267605633802817,2.5448845875258375,0.13034188034188035,710,0.07970896929052103,0.4122448979591837
1.697791944928921,937,240,0.6272855133614628,2.546057161039264,0.13020277481323372,711,0.07832572430746197,0.4139344262295082
1.697791944928921,936,240,0.6267605633802817,2.5427224418773475,0.13034188034188035,710,0.08247972827313889,0.4122448979591837
1.697791944928921,935,239,0.6276445698166432,2.5410532966275903,0.13155080213903744,709,0.07986005397226799,0.40816326530612246
1.697791944928921,936,240,0.6276445698166432,2.5420773916479322,0.13141025641025642,709,0.07678637531533761,0.4122448979591837
1.6582756577791766,936,240,0.6276445698166432,2.5425764462197913,0.13141025641025642,709,0.07581307032549627,0.4122448979591837
1.6582756577791766,934,240,0.628005657708628,2.544489796779083,0.13062098501070663,707,0.08580144925186677,0.4122448979591837
1.6582756577791766,932,239,0.6297872340425532,2.5498240197559183,0.1298283261802575,705,0.09225737228229539,0.4139344262295082
1.6582756577791766,932,240,0.6297872340425532,2.5498240197559183,0.1298283261802575,705,0.09403451259929145,0.4122448979591837
1.6582756577791766,932,240,0.6297872340425532,2.5401129884265794,0.13197424892703863,705,0.0869128540219969,0.4139344262295082
1.6582756577791766,932,239,0.6312056737588653,2.5401129884265794,0.13197424892703863,705,0.08990304030901426,0.40816326530612246
1.7782501553708576,934,240,0.6303116147308782,2.536515094675267,0.13383297644539616,706,0.09053232291360197,0.4122448979591837
1.7782501553708576,931,240,0.6292613636363636,2.5274765544161912,0.13426423200859292,704,0.08353671713349367,0.4122448979591837
1.6864177210895859,931,240,0.6292613636363636,2.5224062630881634,0.13533834586466165,704,0.07368780362494157,0.4139344262295082
1.6864177210895859,933,240,0.6297872340425532,2.528695410508218,0.13504823151125403,705,0.07567179420420388,0.4122448979591837
1.6864177210895859,938,240,0.6313559322033898,2.5206963943697134,0.13859275053304904,708,0.06940961127827,0.4146341463414634
1.6864177210895859,938,240,0.6313559322033898,2.5300825654375063,0.13539445628997868,708,0.07675775499780695,0.4122448979591837
1.6864177210895859,938,240,0.6313559322033898,2.5300825654375063,0.13539445628997868,708,0.07640595180300418,0.4122448979591837
1.6864177210895859,938,239,0.6313559322033898,2.5300825654375063,0.13539445628997868,708,0.07640595180300418,0.4098360655737705
1.6864177210895859,939,240,0.6304654442877292,2.526514042778215,0.13631522896698617,709,0.07362506979912453,0.4122448979591837
1.6864177210895859,940,240,0.6309859154929578,2.5291275446356494,0.13617021276595745,710,0.07917316544533859,0.4122448979591837
1.6864177210895859,944,240,0.6306179775280899,2.521331316335075,0.13983050847457626,712,0.07312079251655822,0.4122448979591837
1.6864177210895859,946,240,0.6316526610644257,2.520665061207838,0.13847780126849896,714,0.07467089236238841,0.4139344262295082
1.6864177210895859,946,240,0.6316526610644257,2.520665061207838,0.13847780126849896,714,0.0750184521278823,0.4156378600823045
1.6772122105187695,948,240,0.6321678321678321,2.530431812217141,0.1371308016877637,715,0.07388908624246474,0.4122448979591837
1.640136191691625,949,239,0.6307692307692307,2.520251953799791,0.14014752370916755,715,0.07499937479303112,0.40816326530612246
1.640136191691625,950,240,0.6312849162011173,2.5306988595813595,0.13789473684210526,716,0.08279209835744447,0.4122448979591837
1.640136191691625,948,238,0.6307692307692307,2.523975574112505,0.13818565400843882,715,0.07814014557928865,0.40408163265306124
1.6209191698020786,949,240,0.6312849162011173,2.5422007741352304,0.13382507903055849,716,0.09241574635560268,0.4122448979591837
1.6209191698020786,947,240,0.6307692307692307,2.5457562996934615,0.13199577613516367,715,0.09926959018740818,0.4163265306122449
1.6209191698020786,947,240,0.6307692307692307,2.5457562996934615,0.13199577613516367,715,0.09926959018740818,0.4122448979591837
1.6209191698020786,947,240,0.6307692307692307,2.5457562996934615,0.13199577613516367,715,0.0988843810155544,0.4122448979591837
1.657546339103876,949,240,0.6298882681564246,2.5451372473910046,0.13171759747102213,716,0.09762875262269502,0.4122448979591837
1.657546339103876,948,240,0.6293706293706294,2.548696879904838,0.1308016877637131,715,0.10060686414529678,0.4122448979591837
1.657546339103876,949,240,0.6298882681564246,2.5451372473910046,0.13171759747102213,716,0.09663731903766379,0.4122448979591837
1.6391419153715014,951,240,0.6295264623955432,2.5417952406994155,0.13249211356466878,718,0.09050029145670996,0.4122448979591837
1.6391419153715014,949,239,0.6270949720670391,2.531407415949175,0.13593256059009484,716,0.078958881731447,0.40816326530612246
1.6391419153715014,949,240,0.6270949720670391,2.537801517499263,0.13382507903055849,716,0.08774384219944603,0.4122448979591837
1.6391419153715014,950,239,0.6276150627615062,2.53426204536886,0.13473684210526315,717,0.0849198458610972,0.40816326530612246
1.6391419153715014,947,240,0.6265734265734266,2.531223925935634,0.1351636747624076,715,0.08783053695393414,0.4163265306122449
1.6391419153715014,947,240,0.6265734265734266,2.533940580551012,0.1341077085533263,715,0.08984225858959943,0.4122448979591837
1.6391419153715014,948,239,0.6270949720670391,2.5371157752059,0.1339662447257384,716,0.09001055524714671,0.40816326530612246
1.6391419153715014,948,240,0.6270949720670391,2.5371157752059,0.1339662447257384,716,0.08971521382342676,0.4122448979591837
1.6391419153715014,948,240,0.6270949720670391,2.5371157752059,0.1339662447257384,716,0.08632143000600313,0.4122448979591837
1.6391419153715014,947,240,0.6265734265734266,2.538631592753178,0.1341077085533263,715,0.08782391538210715,0.4122448979591837
1.6391419153715014,945,240,0.6269284712482468,2.549571409151541,0.13333333333333333,713,0.096490909449297,0.4122448979591837
1.6391419153715014,945,240,0.6269284712482468,2.549571409151541,0.13333333333333333,713,0.09646634297864415,0.4122448979591837
1.6360351354269476,944,240,0.6264044943820225,2.550786967580146,0.13347457627118645,712,0.09742911557432009,0.4122448979591837
1.6360351354269476,943,240,0.6272855133614628,2.5537189063831143,0.13361611876988336,711,0.09967126211424314,0.4122448979591837
1.7881859823871575,944,240,0.6278089887640449,2.5455391337115154,0.13559322033898305,712,0.09465921799402269,0.4139344262295082
1.7881859823871575,944,240,0.6255259467040674,2.550251155587955,0.13453389830508475,713,0.09836012070807404,0.4122448979591837
1.7881859823871575,942,240,0.6244725738396625,2.5497223273973675,0.13481953290870488,711,0.09725049614770383,0.4139344262295082
1.7881859823871575,941,240,0.6239436619718309,2.547929757183713,0.13496280552603612,710,0.09709847376129849,0.4122448979591837
1.7881859823871575,942,240,0.6230661040787623,2.5458602722165278,0.13481953290870488,711,0.09692863634553421,0.4122448979591837
1.7881859823871575,945,240,0.6227208976157083,2.545589670610532,0.1365079365079365,713,0.09415596003876447,0.4122448979591837
1.7881859823871575,946,240,0.6227208976157083,2.5436650432669285,0.13847780126849896,713,0.0963380417842068,0.4122448979591837
1.7881859823871575,946,240,0.6227208976157083,2.5436650432669285,0.13847780126849896,713,0.09515066488609343,0.4122448979591837
1.7881859823871575,944,240,0.6221910112359551,2.5398325754678326,0.13877118644067796,712,0.09930226364312411,0.4122448979591837
1.7881859823871575,947,240,0.6218487394957983,2.5395833540625836,0.13938753959873285,714,0.0942183171098952,0.4146341463414634
1.7881859823871575,947,239,0.6218487394957983,2.5395833540625836,0.13938753959873285,714,0.09082661722828972,0.40816326530612246
1.7881859823871575,947,240,0.6218487394957983,2.5395833540625836,0.13938753959873285,714,0.09173379276648101,0.4122448979591837
1.7881859823871575,946,240,0.6204481792717087,2.5339057622723455,0.14059196617336153,714,0.08496990992659928,0.4122448979591837
1.7881859823871575,947,240,0.6204481792717087,2.533447964617586,0.14255543822597677,714,0.08302533527780305,0.4122448979591837
1.7881859823871575,949,239,0.6195804195804195,2.5313846658589716,0.14330874604847207,715,0.08149805943840509,0.4098360655737705
1.7881859823871575,949,240,0.6195804195804195,2.5313846658589716,0.14330874604847207,715,0.0821188567173057,0.4122448979591837
1.7881859823871575,951,240,0.6201117318435754,2.5278492124150342,0.14511041009463724,716,0.07647067312009581,0.4122448979591837
1.7881859823871575,951,240,0.6201117318435754,2.5278492124150342,0.14511041009463724,716,0.07588589813721101,0.4122448979591837
1.7751082944092258,954,240,0.6197771587743732,2.526038124215083,0.14675052410901468,718,0.07200214927311499,0.4122448979591837
1.7751082944092258,952,240,0.6187150837988827,2.5366369164688347,0.14285714285714285,716,0.07660037443928229,0.4122448979591837
1.7751082944092258,949,239,0.6176470588235294,2.535011569935858,0.14330874604847207,714,0.07631661573224806,0.40816326530612246
1.7751082944092258,949,240,0.6176470588235294,2.537362173528428,0.1422550052687039,714,0.07858818238713362,0.4122448979591837
1.7751082944092258,950,240,0.6176470588235294,2.537479531696323,0.1431578947368421,714,0.07593027285301883,0.4139344262295082
1.7751082944092258,950,239,0.6176470588235294,2.5442953475189483,0.14210526315789473,714,0.08603993253109433,0.4122448979591837
1.7751082944092258,951,240,0.6167832167832168,2.545178283829327,0.14090431125131442,715,0.08633817608424595,0.4122448979591837
1.7751082944092258,953,240,0.61731843575419,2.5478126032144144,0.1416579223504722,716,0.08840421874221804,0.4122448979591837
1.7751082944092258,953,240,0.6181818181818182,2.5487000434488234,0.14375655823714587,715,0.0889016083756576,0.4122448979591837
1.7751082944092258,953,240,0.6181818181818182,2.5487000434488234,0.14375655823714587,715,0.09316966245736534,0.4122448979591837
1.7751082944092258,954,240,0.61731843575419,2.5451404065166323,0.14465408805031446,716,0.09430402483453218,0.4122448979591837
1.7751082944092258,954,240,0.6187150837988827,2.546292993324119,0.14360587002096437,716,0.09007503596823704,0.4122448979591837
1.7751082944092258,954,240,0.6187150837988827,2.546292993324119,0.14360587002096437,716,0.09007503596823704,0.4122448979591837
1.733089172331185,958,240,0.6197771587743732,2.5490971318968065,0.1440501043841336,718,0.08954865337271393,0.4122448979591837
1.733089172331185,958,240,0.6197771587743732,2.547966302260317,0.1440501043841336,718,0.09075188865520731,0.4122448979591837
1.733089172331185,959,240,0.6203059805285118,2.5452818800321624,0.14494264859228362,719,0.08818047171701049,0.4122448979591837
1.733089172331185,959,240,0.6197771587743732,2.5344493652457385,0.1480709071949948,718,0.08316698888309323,0.4122448979591837
1.733089172331185,959,240,0.6197771587743732,2.5344493652457385,0.1480709071949948,718,0.08435724576463745,0.4122448979591837
1.733089172331185,960,240,0.6183844011142061,2.531921308008836,0.15,718,0.08241146758209954,0.4122448979591837
1.733089172331185,960,240,0.6183844011142061,2.531921308008836,0.15,718,0.081995852915207,0.4122448979591837
1.733089172331185,962,239,0.6189151599443672,2.5304185974571864,0.15176715176715178,719,0.08983770074400652,0.4098360655737705
1.8288144990626536,962,240,0.6189151599443672,2.546024721803931,0.14345114345114346,719,0.10168034703648289,0.4122448979591837
1.798924148787748,960,240,0.6183844011142061,2.5453136879098333,0.14270833333333333,718,0.10113723691377469,0.4122448979591837
1.798924148787748,959,240,0.6192468619246861,2.5484547413051515,0.14285714285714285,717,0.11005963049843269,0.4122448979591837
1.798924148787748,959,240,0.6192468619246861,2.5484547413051515,0.14285714285714285,717,0.10871855667220275,0.4122448979591837
1.8518819414617027,958,240,0.6192468619246861,2.5480478617025195,0.1419624217118998,717,0.10789002086006926,0.4122448979591837
1.8518819414617027,957,240,0.6187150837988827,2.5404830666943394,0.14420062695924765,716,0.10232513379802476,0.4122448979591837
1.8518819414617027,957,240,0.6187150837988827,2.5404830666943394,0.14420062695924765,716,0.10227119594183802,0.4122448979591837
1.8518819414617027,957,240,0.6187150837988827,2.5404830666943394,0.14420062695924765,716,0.10554445872349216,0.4122448979591837
1.8518819414617027,957,240,0.6187150837988827,2.5404830666943394,0.14420062695924765,716,0.10217408657628806,0.4122448979591837
1.9445679103559537,959,240,0.616991643454039,2.534884973257456,0.145985401459854,718,0.09796914879429847,0.4122448979591837
1.8480955275547384,954,240,0.6153846153846154,2.5294656842645513,0.14360587002096437,715,0.0818578595217671,0.4122448979591837
1.8480955275547384,953,240,0.6162464985994398,2.5311977798239194,0.14375655823714587,714,0.09101776808429356,0.4156378600823045
2.0091353044230327,953,240,0.6167832167832168,2.5317024323135406,0.14270724029380902,715,0.09169063160674262,0.4146341463414634
2.0091353044230327,952,239,0.6176470588235294,2.5306775299212743,0.14285714285714285,714,0.0896531675722811,0.4098360655737705
2.0091353044230327,950,240,0.6185133239831697,2.533676877645849,0.14210526315789473,713,0.10046542284589378,0.4122448979591837
2.0091353044230327,951,240,0.6199158485273493,2.537120216448278,0.14300736067297581,713,0.09993155603749178,0.4122448979591837
2.0091353044230327,951,240,0.6199158485273493,2.537120216448278,0.14300736067297581,713,0.10021123717118238,0.4122448979591837
2.0091353044230327,953,240,0.6204481792717087,2.5415562388900756,0.14270724029380902,714,0.10384149147828531,0.4122448979591837
2.0091353044230327,953,240,0.6204481792717087,2.5415562388900756,0.14270724029380902,714,0.10384149147828531,0.4122448979591837
2.0091353044230327,951,240,0.6221910112359551,2.544278435972288,0.14300736067297581,712,0.10884490746538483,0.4139344262295082
2.0091353044230327,950,240,0.6216596343178622,2.5490101679119403,0.14210526315789473,711,0.10734125977318228,0.4122448979591837
2.0091353044230327,949,240,0.6211267605633802,2.545963991939242,0.1422550052687039,710,0.10506435482883467,0.4122448979591837
2.0091353044230327,950,240,0.6216596343178622,2.5423831705722386,0.1431578947368421,711,0.10607357769458405,0.4122448979591837
2.0091353044230327,950,239,0.6230661040787623,2.5423831705722386,0.1431578947368421,711,0.11181800394234549,0.40816326530612246
2.0091353044230327,950,240,0.6230661040787623,2.543291860355217,0.14210526315789473,711,0.10839117407098947,0.4122448979591837
2.0091353044230327,950,240,0.6230661040787623,2.5407099399093074,0.1431578947368421,711,0.09700603310645013,0.4156378600823045
2.0091353044230327,950,240,0.6230661040787623,2.5407099399093074,0.1431578947368421,711,0.10937424429654606,0.4122448979591837
2.0091353044230327,950,240,0.6230661040787623,2.5407099399093074,0.1431578947368421,711,0.10946579627598776,0.4122448979591837
2.0091353044230327,952,240,0.6235955056179775,2.5424842836372017,0.14390756302521007,712,0.11077534324916065,0.4122448979591837
2.0091353044230327,950,240,0.6230661040787623,2.536292489710032,0.14526315789473684,711,0.1094081899787941,0.4122448979591837
2.0091353044230327,950,240,0.6230661040787623,2.536292489710032,0.14526315789473684,711,0.1094081899787941,0.4122448979591837
2.0091353044230327,951,240,0.6221910112359551,2.532730281157068,0.14616193480546794,712,0.10722225458110934,0.4122448979591837
2.0091353044230327,951,240,0.6221910112359551,2.5311348458456298,0.14721345951629863,712,0.10604420424206809,0.4122448979591837
2.135726600709538,952,240,0.6227208976157083,2.5321038908294837,0.14705882352941177,713,0.11106704729137681,0.4122448979591837
2.0420601725707788,950,240,0.6221910112359551,2.5304357256360968,0.14736842105263157,712,0.10984123373989553,0.4122448979591837
2.0420601725707788,948,240,0.6239436619718309,2.5412930272438814,0.14556962025316456,710,0.11890863968407125,0.4122448979591837
2.0420601725707788,948,240,0.6253521126760564,2.5467273458900594,0.14662447257383968,710,0.12229164863876608,0.4122448979591837
2.0420601725707788,948,240,0.6239436619718309,2.5379133358241273,0.14767932489451477,710,0.11893071647073096,0.4122448979591837
2.0420601725707788,949,240,0.6244725738396625,2.540784114250656,0.1475237091675448,711,0.12089171660919422,0.4122448979591837
2.1088651965108327,951,239,0.625,2.537215597236259,0.14931650893796003,712,0.11668338730804594,0.411522633744856
2.1088651965108327,951,240,0.6264044943820225,2.5492838479374416,0.1440588853838065,712,0.12779269783433098,0.4122448979591837
2.1088651965108327,951,240,0.6264044943820225,2.5492838479374416,0.1440588853838065,712,0.12779269783433098,0.4122448979591837
2.1088651965108327,951,240,0.6264044943820225,2.5492838479374416,0.1440588853838065,712,0.12757652361121022,0.4122448979591837
2.1088651965108327,951,240,0.6264044943820225,2.5492838479374416,0.1440588853838065,712,0.12863653152229207,0.4139344262295082
2.1088651965108327,951,239,0.6264044943820225,2.5492838479374416,0.1440588853838065,712,0.1297744959017581,0.4105691056910569
2.1088651965108327,951,240,0.6264044943820225,2.5492838479374416,0.1440588853838065,712,0.1297744959017581,0.4122448979591837
2.1088651965108327,951,240,0.6264044943820225,2.5492838479374416,0.1440588853838065,712,0.13152942166194398,0.4122448979591837
2.1088651965108327,953,238,0.6255259467040674,2.545708414770629,0.1458551941238195,713,0.13295482914070333,0.40408163265306124
2.1027400811997436,955,240,0.6260504201680672,2.5481527201197136,0.14345549738219895,714,0.12594893298775062,0.4122448979591837
2.1027400811997436,952,240,0.6264044943820225,2.5424957508908523,0.14495798319327732,712,0.12155216580335952,0.4122448979591837
2.1027400811997436,952,240,0.6264044943820225,2.5424957508908523,0.14495798319327732,712,0.12155216580335952,0.4122448979591837
2.1027400811997436,954,240,0.6283309957924264,2.5496113729714875,0.14570230607966456,713,0.12703096723986818,0.4122448979591837
2.1027400811997436,954,240,0.6283309957924264,2.552140627016824,0.14465408805031446,713,0.12872111543808795,0.4122448979591837
2.1027400811997436,954,239,0.6283309957924264,2.552140627016824,0.14465408805031446,713,0.12855714860815332,0.40816326530612246
2.1027400811997436,954,240,0.6283309957924264,2.552140627016824,0.14465408805031446,713,0.13594031960819472,0.4122448979591837
2.1027400811997436,954,240,0.6283309957924264,2.552140627016824,0.14465408805031446,713,0.13594031960819472,0.4122448979591837
2.066523683455187,954,240,0.6283309957924264,2.552140627016824,0.14465408805031446,713,0.1389554636496865,0.4122448979591837
2.066523683455187,954,240,0.6283309957924264,2.552140627016824,0.14465408805031446,713,0.1362105425245614,0.4122448979591837
2.066523683455187,954,239,0.6283309957924264,2.5516704625434565,0.14465408805031446,713,0.13949383953866334,0.4105691056910569
2.144799786495972,951,240,0.6272855133614628,2.5449801235808565,0.14511041009463724,711,0.13692242344579325,0.4139344262295082
2.144799786495972,951,239,0.6272855133614628,2.5449801235808565,0.14511041009463724,711,0.13433732068578286,0.40816326530612246
2.144799786495972,953,240,0.6278089887640449,2.5478857715346006,0.1458551941238195,712,0.13814455572748144,0.4122448979591837
2.144799786495972,953,240,0.6278089887640449,2.5478857715346006,0.1458551941238195,712,0.1355528760243922,0.4122448979591837
2.144799786495972,951,240,0.6272855133614628,2.5472360511258447,0.14511041009463724,711,0.13637341030116615,0.4122448979591837
2.144799786495972,951,240,0.6272855133614628,2.5486233910539973,0.1440588853838065,711,0.13647673660980375,0.4122448979591837
2.144799786495972,951,240,0.6272855133614628,2.542817485169901,0.14511041009463724,711,0.13411308509930206,0.4122448979591837
2.144799786495972,951,240,0.6272855133614628,2.5488316338941006,0.1440588853838065,711,0.13619565061165387,0.4122448979591837
2.144799786495972,952,240,0.6278089887640449,2.5506986104055,0.14390756302521007,712,0.13766644369573589,0.4122448979591837
2.144799786495972,951,240,0.6292134831460674,2.5491709737601598,0.1440588853838065,712,0.13656417622515707,0.4139344262295082
2.144799786495972,950,240,0.630098452883263,2.552428527518771,0.14421052631578948,711,0.13833836421537613,0.4122448979591837
2.144799786495972,952,240,0.6306179775280899,2.554961033753397,0.14495798319327732,712,0.13632993077291855,0.4122448979591837
2.1777791851364183,954,240,0.6302521008403361,2.5522741656820944,0.14570230607966456,714,0.13217769610657182,0.4122448979591837
2.1777791851364183,955,240,0.6302521008403361,2.5569333514710992,0.14554973821989528,714,0.1377172690949727,0.4122448979591837
2.1777791851364183,955,240,0.6302521008403361,2.5569333514710992,0.14554973821989528,714,0.13645536925350543,0.4122448979591837
2.1777791851364183,955,240,0.6302521008403361,2.5569333514710992,0.14554973821989528,714,0.14201824741690852,0.4146341463414634
2.1777791851364183,955,240,0.6302521008403361,2.5569333514710992,0.14554973821989528,714,0.14482596103391884,0.4122448979591837
2.1777791851364183,957,240,0.6321678321678321,2.558594283318381,0.14629049111807732,715,0.14601504591853579,0.4122448979591837
2.1777791851364183,958,240,0.6312849162011173,2.5550208276154223,0.14718162839248433,716,0.14343098719804828,0.4146341463414634
2.1777791851364183,958,240,0.6312849162011173,2.5604245835885306,0.14509394572025053,716,0.14040228145180308,0.4122448979591837
2.1777791851364183,956,239,0.6316526610644257,2.567374828696381,0.14539748953974896,714,0.14536394627877625,0.40816326530612246
2.1777791851364183,958,240,0.6321678321678321,2.570429678234148,0.1440501043841336,715,0.15813729438233987,0.4122448979591837
2.1777791851364183,960,240,0.63268156424581,2.573475433834558,0.14479166666666668,716,0.15580779554004087,0.4122448979591837
2.1777791851364183,960,240,0.63268156424581,2.573475433834558,0.14479166666666668,716,0.15580779554004087,0.4122448979591837
2.1777791851364183,960,240,0.63268156424581,2.573475433834558,0.14479166666666668,716,0.15485897331821952,0.4146341463414634
2.1777791851364183,962,240,0.6331938633193863,2.5720154396893737,0.14553014553014554,717,0.1550873697102348,0.4122448979591837
2.1777791851364183,962,240,0.6331938633193863,2.576881778901706,0.1444906444906445,717,0.15694232136622174,0.4122448979591837
2.1777791851364183,961,239,0.6331938633193863,2.5666153282597213,0.14672216441207075,717,0.1504377105204637,0.40816326530612246
2.1777791851364183,961,240,0.6331938633193863,2.5731179470976073,0.14568158168574402,717,0.15453127709082953,0.4122448979591837
2.1777791851364183,959,240,0.6340782122905028,2.564009632148205,0.145985401459854,716,0.15092813749097236,0.4122448979591837
2.33352717077158,960,240,0.6345885634588564,2.5649991747026375,0.14583333333333334,717,0.15084368614723664,0.4122448979591837
2.2525065191199634,960,240,0.6340782122905028,2.5687262942650633,0.14479166666666668,716,0.1495044222901164,0.4122448979591837
2.2525065191199634,961,240,0.6345885634588564,2.5705957246615014,0.14464099895941726,717,0.15219429519297903,0.4122448979591837
2.2525065191199634,962,240,0.6350974930362117,2.5679575372886694,0.1444906444906445,718,0.15411251197471199,0.4122448979591837
2.2525065191199634,966,240,0.6347222222222222,2.5566820036951445,0.14906832298136646,720,0.14610718117460164,0.4139344262295082
2.2525065191199634,966,240,0.6347222222222222,2.557657527073571,0.14906832298136646,720,0.14946272620754045,0.4122448979591837
2.2525065191199634,966,237,0.6361111111111111,2.561289815633734,0.15010351966873706,720,0.15384034580190029,0.4
2.2525065191199634,966,240,0.6361111111111111,2.5630588433839163,0.14906832298136646,720,0.1496714595374541,0.4122448979591837
2.2525065191199634,964,240,0.6356050069541029,2.554468275448315,0.14937759336099585,719,0.14265470776963673,0.4122448979591837
2.2525065191199634,964,240,0.6356050069541029,2.554468275448315,0.14937759336099585,719,0.14265470776963673,0.4122448979591837
2.355440376487532,968,240,0.6371191135734072,2.5532361207954213,0.15082644628099173,722,0.1414283156185464,0.4122448979591837
2.355440376487532,965,240,0.6361111111111111,2.5508252631910175,0.15025906735751296,720,0.13959264753863124,0.4122448979591837
2.355440376487532,965,240,0.6361111111111111,2.5508252631910175,0.15025906735751296,720,0.13959264753863124,0.4122448979591837
2.355440376487532,965,240,0.6361111111111111,2.5508252631910175,0.15025906735751296,720,0.13858246478559175,0.4122448979591837
2.355440376487532,965,240,0.6361111111111111,2.5508252631910175,0.15025906735751296,720,0.13969232376262963,0.4122448979591837
2.355440376487532,964,239,0.6347222222222222,2.5457612225437147,0.1504149377593361,720,0.13332304014702298,0.4098360655737705
2.355440376487532,968,240,0.6329639889196675,2.5387092523981645,0.15392561983471073,722,0.1291345116223341,0.4122448979591837
2.355440376487532,968,240,0.6329639889196675,2.5387092523981645,0.15392561983471073,722,0.1291345116223341,0.4122448979591837
2.355440376487532,968,239,0.6329639889196675,2.5387092523981645,0.15392561983471073,722,0.12638072798206043,0.411522633744856
2.355440376487532,969,240,0.6329639889196675,2.5450538357556205,0.15273477812177502,722,0.12960663375388182,0.4122448979591837
2.355440376487532,970,240,0.6329639889196675,2.5475596027136564,0.15360824742268042,722,0.1311974240362231,0.4122448979591837
2.355440376487532,970,240,0.6329639889196675,2.5475596027136564,0.15360824742268042,722,0.13190299825799606,0.4122448979591837
2.355440376487532,971,240,0.6329639889196675,2.545810360359145,0.15550978372811536,722,0.1336089124221796,0.4122448979591837
2.355440376487532,973,240,0.6325966850828729,2.5442331568321923,0.15621788283658788,724,0.12952540315297575,0.4122448979591837
2.355440376487532,973,240,0.6325966850828729,2.552926014220163,0.1551901336073998,724,0.13994959727940787,0.4139344262295082
2.355440376487532,972,240,0.632088520055325,2.550087717144867,0.15534979423868311,723,0.13793079350868487,0.4122448979591837
2.1395711228215344,974,240,0.6317241379310344,2.5477205035938986,0.15605749486652978,725,0.13573373708662737,0.4122448979591837
2.1395711228215344,973,240,0.6325966850828729,2.5512394545657138,0.1551901336073998,724,0.13919819110151382,0.4122448979591837
2.1395711228215344,973,240,0.6325966850828729,2.5512394545657138,0.1551901336073998,724,0.13885812732510325,0.4122448979591837
2.1395711228215344,973,240,0.6325966850828729,2.5512394545657138,0.1551901336073998,724,0.1379658628523665,0.4122448979591837
2.1395711228215344,975,240,0.6317241379310344,2.547720503593899,0.15692307692307692,725,0.13693224270912094,0.4139344262295082
